,Sector,Industry,Industry_URL,Industry_description
0,Natural Resources and Mining,"Agriculture, Forestry, Fishing and Hunting (NAICS 11)",https://www.bls.gov/iag/tgs/iag11.htm,"The Agriculture, Forestry, Fishing and Hunting sector comprises establishments primarily engaged in growing crops, raising animals, harvesting timber, and harvesting fish and other animals from a farm, ranch, or their natural habitats. 
The establishments in this sector are often described as farms, ranches, dairies, greenhouses, nurseries, orchards, or hatcheries. A farm may consist of a single tract of land or a number of separate tracts which may be held under different tenures. For example, one tract may be owned by the farm operator and another rented. It may be operated by the operator alone or with the assistance of members of the household or hired employees, or it may be operated by a partnership, corporation, or other type of organization. When a landowner has one or more tenants, renters, croppers, or managers, the land operated by each is considered a farm."
1,Natural Resources and Mining,Crop Production (NAICS 111),https://www.bls.gov/iag/tgs/iag111.htm,"Industries in the Crop Production subsector grow crops mainly for food and fiber. The subsector comprises establishments, such as farms, orchards, groves, greenhouses, and nurseries, primarily engaged in growing crops, plants, vines, or trees and their seeds."
2,Natural Resources and Mining,Animal Production (NAICS 112),https://www.bls.gov/iag/tgs/iag112.htm,"Industries in the Animal Production subsector raise or fatten animals for the sale of animals or animal products. The subsector comprises establishments, such as ranches, farms, and feedlots primarily engaged in keeping, grazing, breeding, or feeding animals. These animals are kept for the products they produce or for eventual sale. The animals are generally raised in various environments, from total confinement or captivity to feeding on an open range pasture. Establishments primarily engaged in the farm raising and production of aquatic animals or plants in controlled or selected aquatic environments are included in this subsector."
3,Natural Resources and Mining,Forestry and Logging (NAICS 113),https://www.bls.gov/iag/tgs/iag113.htm,"Industries in the Forestry and Logging subsector grow and harvest timber on a long production cycle (i.e., of 10 years or more). Long production cycles use different production processes than short production cycles, which require more horticultural interventions prior to harvest, resulting in processes more similar to those found in the Crop Production subsector. Consequently, Christmas tree production and other production involving production cycles of less than 10 years, are classified in the Crop Production subsector."
4,Natural Resources and Mining,"Fishing, Hunting and Trapping (NAICS 114)",https://www.bls.gov/iag/tgs/iag114.htm,"Industries in the Fishing, Hunting, and Trapping subsector harvest fish and other wild animals from their natural habitats and are dependent upon a continued supply of the natural resource. The harvesting of fish is the predominant economic activity of this subsector and it usually requires specialized vessels that, by the nature of their size, configuration and equipment, are not suitable for any other type of production, such as transportation."
5,Natural Resources and Mining,Support Activities for Agriculture and Forestry (NAICS 115),https://www.bls.gov/iag/tgs/iag115.htm,"Industries in the Support Activities for Agriculture and Forestry subsector provide support services that are an essential part of agricultural and forestry production. These support activities may be performed by the agriculture or forestry producing establishment or conducted independently as an alternative source of inputs required for the production process for a given crop, animal, or forestry industry. Establishments that primarily perform these activities independent of the agriculture or forestry producing establishment are in this subsector."
6,Natural Resources and Mining,"Mining, Quarrying, and Oil and Gas Extraction (NAICS 21)",https://www.bls.gov/iag/tgs/iag21.htm,"The Mining sector comprises establishments that extract naturally occurring mineral solids, such as coal and ores; liquid minerals, such as crude petroleum; and gases, such as natural gas. The term mining is used in the broad sense to include quarrying, well operations, beneficiating (e.g., crushing, screening, washing, and flotation), and other preparation customarily performed at the mine site, or as a part of mining activity."
7,Natural Resources and Mining,Oil and Gas Extraction (NAICS 211),https://www.bls.gov/iag/tgs/iag211.htm,"Industries in the Oil and Gas Extraction subsector operate and/or develop oil and gas field properties. Such activities may include exploration for crude petroleum and natural gas; drilling, completing, and equipping wells; operating separators, emulsion breakers, desilting equipment, and field gathering lines for crude petroleum and natural gas; and all other activities in the preparation of oil and gas up to the point of shipment from the producing property. This subsector includes the production of crude petroleum, the mining and extraction of oil from oil shale and oil sands, and the production of natural gas, sulfur recovery from natural gas, and recovery of hydrocarbon liquids."
8,Natural Resources and Mining,Mining (except Oil and Gas) (NAICS 212),https://www.bls.gov/iag/tgs/iag212.htm,"Industries in the Mining (except Oil and Gas) subsector primarily engage in mining, mine site development, and beneficiating (i.e., preparing) metallic minerals and nonmetallic minerals, including coal. The term ""mining"" is used in the broad sense to include ore extraction, quarrying, and beneficiating (e.g., crushing, screening, washing, sizing, concentrating, and flotation), customarily done at the mine site."
9,Natural Resources and Mining,Support Activities for Mining (NAICS 213),https://www.bls.gov/iag/tgs/iag213.htm,"Industries in the Support Activities for Mining subsector group establishments primarily providing support services, on a contract or fee basis, required for the mining and quarrying of minerals and for the extraction of oil and gas. Establishments performing exploration (except geophysical surveying and mapping) for minerals, on a contract or fee basis, are included in this subsector. Exploration includes traditional prospecting methods, such as taking core samples and making geological observations at prospective sites. 
The activities performed on a contract or fee basis by establishments in the Support Activities for Mining subsector are also often performed in-house by mining operators."
10,Construction,Construction (NAICS 23),https://www.bls.gov/iag/tgs/iag23.htm,"The construction sector comprises establishments primarily engaged in the construction of buildings or engineering projects (e.g., highways and utility systems). Establishments primarily engaged in the preparation of sites for new construction and establishments primarily engaged in subdividing land for sale as building sites also are included in this sector. 
Construction work done may include new work, additions, alterations, or maintenance and repairs. Activities of these establishments generally are managed at a fixed place of business, but they usually perform construction activities at multiple project sites. Production responsibilities for establishments in this sector are usually specified in (1) contracts with the owners of construction projects (prime contracts) or (2) contracts with other construction establishments (subcontracts)."
11,Construction,Construction of Buildings (NAICS 236),https://www.bls.gov/iag/tgs/iag236.htm,"The Construction of Buildings subsector comprises establishments primarily responsible for the construction of buildings. The work performed may include new work, additions, alterations, or maintenance and repairs. The on-site assembly of precut, panelized, and prefabricated buildings and construction of temporary buildings are included in this subsector. Part or all of the production work for which the establishments in this subsector have responsibility may be subcontracted to other construction establishmentsâ€”usually specialty trade contractors."
12,Construction,Heavy and Civil Engineering Construction (NAICS 237),https://www.bls.gov/iag/tgs/iag237.htm,"The Heavy and Civil Engineering Construction subsector comprises establishments whose primary activity is the construction of entire engineering projects (e.g., highways and dams), and specialty trade contractors, whose primary activity is the production of a specific component for such projects. Specialty trade contractors in Heavy and Civil Engineering Construction generally are performing activities that are specific to heavy and civil engineering construction projects and are not normally performed on buildings. The work performed may include new work, additions, alterations, or maintenance and repairs."
13,Construction,Specialty Trade Contractors (NAICS 238),https://www.bls.gov/iag/tgs/iag238.htm,"The Specialty Trade Contractors subsector comprises establishments whose primary activity is performing specific activities (e.g., pouring concrete, site preparation, plumbing, painting, and electrical work) involved in building construction or other activities that are similar for all types of construction, but that are not responsible for the entire project. The work performed may include new work, additions, alterations, maintenance, and repairs. The production work performed by establishments in this subsector is usually subcontracted from establishments of the general contractor type or operative builders, but especially in remodeling and repair construction, work also may be done directly for the owner of the property. Specialty trade contractors usually perform most of their work at the construction site, although they may have shops where they perform prefabrication and other work. Establishments primarily engaged in preparing sites for new construction are also included in this subsector."
14,Manufacturing,Manufacturing (NAICS 31-33),https://www.bls.gov/iag/tgs/iag31-33.htm,"The Manufacturing sector comprises establishments engaged in the mechanical, physical, or chemical transformation of materials, substances, or components into new products. 
Establishments in the Manufacturing sector are often described as plants, factories, or mills and characteristically use power-driven machines and materials-handling equipment. However, establishments that transform materials or substances into new products by hand or in the worker's home and those engaged in selling to the general public products made on the same premises from which they are sold, such as bakeries, candy stores, and custom tailors, may also be included in this sector. Manufacturing establishments may process materials or may contract with other establishments to process their materials for them. Both types of establishments are included in manufacturing."
15,Manufacturing,Food Manufacturing (NAICS 311),https://www.bls.gov/iag/tgs/iag311.htm,"Industries in the Food Manufacturing subsector transform livestock and agricultural products into products for intermediate or final consumption. The industry groups are distinguished by the raw materials (generally of animal or vegetable origin) processed into food products. 
The food products manufactured in these establishments are typically sold to wholesalers or retailers for distribution to consumers, but establishments primarily engaged in retailing bakery and candy products made on the premises not for immediate consumption are included."
16,Manufacturing,Beverage and Tobacco Product Manufacturing (NAICS 312),https://www.bls.gov/iag/tgs/iag312.htm,"Industries in the Beverage and Tobacco Product Manufacturing subsector manufacture beverages and tobacco products. The industry group, Beverage Manufacturing, includes three types of establishments: (1) those that manufacture nonalcoholic beverages; (2) those that manufacture alcoholic beverages through the fermentation process; and (3) those that produce distilled alcoholic beverages. Ice manufacturing, while not a beverage, is included with nonalcoholic beverage manufacturing because it uses the same production process as water purification. The industry group, Tobacco Manufacturing, includes two types of establishments: (1) those engaged in redrying and stemming tobacco and, (2) those that manufacture tobacco products, such as cigarettes and cigars."
17,Manufacturing,Textile Mills (NAICS 313),https://www.bls.gov/iag/tgs/iag313.htm,"Industries in the Textile Mills subsector group establishments that transform a basic fiber (natural or synthetic) into a product, such as yarn or fabric that is further manufactured into usable items, such as apparel, sheets, towels, and textile bags for individual or industrial consumption. The further manufacturing may be performed in the same establishment and classified in this subsector, or it may be performed at a separate establishment and be classified elsewhere in manufacturing."
18,Manufacturing,Textile Product Mills (NAICS 314),https://www.bls.gov/iag/tgs/iag314.htm,"Industries in the Textile Product Mills subsector group establishments that make textile products (except apparel). With a few exceptions, processes used in these industries are generally cut and sew (i.e., purchasing fabric and cutting and sewing to make nonapparel textile products, such as sheets and towels)."
19,Manufacturing,Apparel Manufacturing (NAICS 315),https://www.bls.gov/iag/tgs/iag315.htm,"Industries in the Apparel Manufacturing subsector group establishments with two distinct manufacturing processes: (1) cut and sew (i.e., purchasing fabric and cutting and sewing to make a garment), and (2) the manufacture of garments in establishments that first knit fabric and then cut and sew the fabric into a garment. The Apparel Manufacturing subsector includes a diverse range of establishments manufacturing full lines of ready-to-wear apparel and custom apparel: apparel contractors, performing cutting or sewing operations on materials owned by others; jobbers performing entrepreneurial functions involved in apparel manufacture; and tailors, manufacturing custom garments for individual clients are all included. Knitting, when done alone, is classified in the Textile Mills subsector, but when knitting is combined with the production of complete garments, the activity is classified in Apparel Manufacturing."
20,Manufacturing,Leather and Allied Product Manufacturing (NAICS 316),https://www.bls.gov/iag/tgs/iag316.htm,"Establishments in the Leather and Allied Product Manufacturing subsector transform hides into leather by tanning or curing and fabricating the leather into products for final consumption. It also includes the manufacture of similar products from other materials, including products (except apparel) made from ""leather substitutes,"" such as rubber, plastics, or textiles. Rubber footwear, textile luggage, and plastics purses or wallets are examples of ""leather substitute"" products included in this group. The products made from leather substitutes are included in this subsector because they are made in similar ways leather products are made (e.g., luggage). They are made in the same establishments, so it is not practical to separate them."
21,Manufacturing,Wood Product Manufacturing (NAICS 321),https://www.bls.gov/iag/tgs/iag321.htm,"Industries in the Wood Product Manufacturing subsector manufacture wood products, such as lumber, plywood, veneers, wood containers, wood flooring, wood trusses, manufactured homes (i.e., mobile homes), and prefabricated wood buildings. The production processes of the Wood Product Manufacturing subsector include sawing, planing, shaping, laminating, and assembling of wood products starting from logs that are cut into bolts, or lumber that then may be further cut, or shaped by lathes or other shaping tools. The lumber or other transformed wood shapes may also be subsequently planed or smoothed, and assembled into finished products, such as wood containers. The Wood Product Manufacturing subsector includes establishments that make wood products from logs and bolts that are sawed and shaped, and establishments that purchase sawed lumber and make wood products. With the exception of sawmills and wood preservation establishments, the establishments are grouped into industries mainly based on the specific products manufactured."
22,Manufacturing,Paper Manufacturing (NAICS 322),https://www.bls.gov/iag/tgs/iag322.htm,"Industries in the Paper Manufacturing subsector make pulp, paper, or converted paper products. The manufacturing of these products is grouped together because they constitute a series of vertically connected processes. More than one is often carried out in a single establishment. There are essentially three activities. The manufacturing of pulp involves separating the cellulose fibers from other impurities in wood or used paper. The manufacturing of paper involves matting these fibers into a sheet. Converted paper products are made from paper and other materials by various cutting and shaping techniques and include coating and laminating activities."
23,Manufacturing,Printing and Related Support Activities (NAICS 323),https://www.bls.gov/iag/tgs/iag323.htm,"Industries in the Printing and Related Support Activities subsector print products, such as newspapers, books, labels, business cards, stationery, business forms, and other materials, and perform support activities, such as data imaging, platemaking services, and bookbinding. The support activities included here are an integral part of the printing industry, and a product (a printing plate, a bound book, or a computer disk or file) that is an integral part of the printing industry is almost always provided by these operations."
24,Manufacturing,Petroleum and Coal Products Manufacturing (NAICS 324),https://www.bls.gov/iag/tgs/iag324.htm,"The Petroleum and Coal Products Manufacturing subsector is based on the transformation of crude petroleum and coal into usable products. The dominant process is petroleum refining that involves the separation of crude petroleum into component products through such techniques as cracking and distillation. 
In addition, this subsector includes establishments that primarily further process refined petroleum and coal products and produce products, such as asphalt coatings and petroleum lubricating oils."
25,Manufacturing,Chemical Manufacturing (NAICS 325),https://www.bls.gov/iag/tgs/iag325.htm,The Chemical Manufacturing subsector is based on the transformation of organic and inorganic raw materials by a chemical process and the formulation of products. This subsector distinguishes the production of basic chemicals that comprise the first industry group from the production of intermediate and end products produced by further processing of basic chemicals that make up the remaining industry groups.
26,Manufacturing,Plastics and Rubber Products Manufacturing (NAICS 326),https://www.bls.gov/iag/tgs/iag326.htm,"Industries in the Plastics and Rubber Products Manufacturing subsector make goods by processing plastics materials and raw rubber. The core technology employed by establishments in this subsector is that of plastics or rubber product production. Plastics and rubber are combined in the same subsector because plastics are increasingly being used as a substitute for rubber; however the subsector is generally restricted to the production of products made of just one material, either solely plastics or rubber."
27,Manufacturing,Nonmetallic Mineral Product Manufacturing (NAICS 327),https://www.bls.gov/iag/tgs/iag327.htm,"The Nonmetallic Mineral Product Manufacturing subsector transforms mined or quarried nonmetallic minerals, such as sand, gravel, stone, clay, and refractory materials, into products for intermediate or final consumption. Processes used include grinding, mixing, cutting, shaping, and honing. Heat often is used in the process and chemicals are frequently mixed to change the composition, purity, and chemical properties for the intended product. For example, glass is produced by heating silica sand to the melting point (sometimes combined with cullet or recycled glass) and then drawn, floated, or blow molded to the desired shape or thickness. Refractory materials are heated and then formed into bricks or other shapes for use in industrial applications."
28,Manufacturing,Primary Metal Manufacturing (NAICS 331),https://www.bls.gov/iag/tgs/iag331.htm,"Industries in the Primary Metal Manufacturing subsector smelt and/or refine ferrous and nonferrous metals from ore, pig or scrap, using electrometallurgical and other process metallurgical techniques. Establishments in this subsector also manufacture metal alloys and superalloys by introducing other chemical elements to pure metals. The output of smelting and refining, usually in ingot form, is used in rolling, drawing, and extruding operations to make sheet, strip, bar, rod, or wire, and in molten form to make castings and other basic metal products."
29,Manufacturing,Fabricated Metal Product Manufacturing (NAICS 332),https://www.bls.gov/iag/tgs/iag332.htm,"Industries in the Fabricated Metal Product Manufacturing subsector transform metal into intermediate or end products, other than machinery, computers and electronics, and metal furniture, or treat metals and metal formed products fabricated elsewhere. Important fabricated metal processes are forging, stamping, bending, forming, and machining, used to shape individual pieces of metal; and other processes, such as welding and assembling, used to join separate parts together. Establishments in this subsector may use one of these processes or a combination of these processes."
30,Manufacturing,Machinery Manufacturing (NAICS 333),https://www.bls.gov/iag/tgs/iag333.htm,"Industries in the Machinery Manufacturing subsector create end products that apply mechanical force, for example, the application of gears and levers, to perform work. Some important processes for the manufacture of machinery are forging, stamping, bending, forming, and machining that are used to shape individual pieces of metal. Processes, such as welding and assembling are used to join separate parts together. Although these processes are similar to those used in metal fabricating establishments, machinery manufacturing is different because it typically employs multiple metal forming processes in manufacturing the various parts of the machine. Moreover, complex assembly operations are an inherent part of the production process."
31,Manufacturing,Computer and Electronic Product Manufacturing (NAICS 334),https://www.bls.gov/iag/tgs/iag334.htm,"Industries in the Computer and Electronic Product Manufacturing subsector group establishments that manufacture computers, computer peripherals, communications equipment, and similar electronic products, and establishments that manufacture components for such products. The Computer and Electronic Product Manufacturing industries have been combined in the hierarchy of NAICS because of the economic significance they have attained. Their rapid growth suggests that they will become even more important to the economies of all three North American countries in the future, and in addition their manufacturing processes are fundamentally different from the manufacturing processes of other machinery and equipment. The design and use of integrated circuits and the application of highly specialized miniaturization technologies are common elements in the production technologies of the computer and electronic subsector."
32,Manufacturing,"Electrical Equipment, Appliance, and Component Manufacturing (NAICS 335)",https://www.bls.gov/iag/tgs/iag335.htm,"Industries in the Electrical Equipment, Appliance, and Component Manufacturing subsector manufacture products that generate, distribute and use electrical power. Electric Lighting Equipment Manufacturing establishments produce electric lamp bulbs, lighting fixtures, and parts. Household Appliance Manufacturing establishments make both small and major electrical appliances and parts. Electrical Equipment Manufacturing establishments make goods, such as electric motors, generators, transformers, and switchgear apparatus. Other Electrical Equipment and Component Manufacturing establishments make devices for storing electrical power (e.g., batteries), for transmitting electricity (e.g., insulated wire), and wiring devices (e.g., electrical outlets, fuse boxes, and light switches)."
33,Manufacturing,Transportation Equipment Manufacturing (NAICS 336),https://www.bls.gov/iag/tgs/iag336.htm,"Industries in the Transportation Equipment Manufacturing subsector produce equipment for transporting people and goods. Transportation equipment is a type of machinery. An entire subsector is devoted to this activity because of the significance of its economic size in all three North American countries. ^~Establishments in this subsector utilize production processes similar to those of other machinery manufacturing establishments - bending, forming, welding, machining, and assembling metal or plastic parts into components and finished products. However, the assembly of components and subassemblies and their further assembly into finished vehicles tends to be a more common production process in this subsector than in the Machinery Manufacturing subsector."
34,Manufacturing,Furniture and Related Product Manufacturing (NAICS 337),https://www.bls.gov/iag/tgs/iag337.htm,"Industries in the Furniture and Related Product Manufacturing subsector make furniture and related articles, such as mattresses, window blinds, cabinets, and fixtures. The processes used in the manufacture of furniture include the cutting, bending, molding, laminating, and assembly of such materials as wood, metal, glass, plastics, and rattan. However, the production process for furniture is not solely bending metal, cutting and shaping wood, or extruding and molding plastics. Design and fashion trends play an important part in the production of furniture. The integrated design of the article for both esthetic and functional qualities is also a major part of the process of manufacturing furniture. Design services may be performed by the furniture establishment's work force or may be purchased from industrial designers."
35,Manufacturing,Miscellaneous Manufacturing (NAICS 339),https://www.bls.gov/iag/tgs/iag339.htm,"Industries in the Miscellaneous Manufacturing subsector make a wide range of products that cannot readily be classified in specific NAICS subsectors in manufacturing. Processes used by these establishments vary significantly, both among and within industries. For example, a variety of manufacturing processes are used in manufacturing sporting and athletic goods that include products such as tennis racquets and golf balls. The processes for these products differ from each other, and the processes differ significantly from the fabrication processes used in making dolls or toys, the melting and shaping of precious metals to make jewelry, and the bending, forming, and assembly used in making medical products."
36,"Trade, Transportation, and Utilities",Wholesale Trade (NAICS 42),https://www.bls.gov/iag/tgs/iag42.htm,"The Wholesale Trade sector comprises establishments engaged in wholesaling merchandise, generally without transformation, and rendering services incidental to the sale of merchandise. The merchandise described in this sector includes the outputs of agriculture, mining, manufacturing, and certain information industries, such as publishing. 
The wholesaling process is an intermediate step in the distribution of merchandise. Wholesalers are organized to sell or arrange the purchase or sale of (a) goods for resale (i.e., goods sold to other wholesalers or retailers), (b) capital or durable nonconsumer goods, and (c) raw and intermediate materials and supplies used in production. 
Wholesalers sell merchandise to other businesses and normally operate from a warehouse or office. These warehouses and offices are characterized by having little or no display of merchandise. In addition, neither the design nor the location of the premises is intended to solicit walk-in traffic. Wholesalers do not normally use advertising directed to the general public. Customers are generally reached initially via telephone, in-person marketing, or by specialized advertising that may include Internet and other electronic means. Follow-up orders are either vendor-initiated or client-initiated, generally based on previous sales, and typically exhibit strong ties between sellers and buyers. In fact, transactions are often conducted between wholesalers and clients that have long-standing business relationships."
37,"Trade, Transportation, and Utilities","Merchant Wholesalers, Durable Goods (NAICS 423)",https://www.bls.gov/iag/tgs/iag423.htm,"Industries in the Merchant Wholesalers, Durable Goods subsector sell capital or durable goods to other businesses. Merchant wholesalers generally take title to the goods that they sell; in other words, they buy and sell goods on their own account. Durable goods are new or used items generally with a normal life expectancy of three years or more. Durable goods merchant wholesale trade establishments are engaged in wholesaling products, such as motor vehicles, furniture, construction materials, machinery and equipment (including household-type appliances), metals and minerals (except petroleum), sporting goods, toys and hobby goods, recyclable materials, and parts."
38,"Trade, Transportation, and Utilities","Merchant Wholesalers, Nondurable Goods (NAICS 424)",https://www.bls.gov/iag/tgs/iag424.htm,"Industries in the Merchant Wholesalers, Nondurable Goods subsector sell nondurable goods to other businesses. Nondurable goods are items generally with a normal life expectancy of less than three years. Nondurable goods merchant wholesale trade establishments are engaged in wholesaling products, such as paper and paper products, chemicals and chemical products, drugs, textiles and textile products, apparel, footwear, groceries, farm products, petroleum and petroleum products, alcoholic beverages, books, magazines, newspapers, flowers and nursery stock, and tobacco products."
39,"Trade, Transportation, and Utilities",Wholesale Electronic Markets and Agents and Brokers (NAICS 425),https://www.bls.gov/iag/tgs/iag425.htm,"Industries in the Wholesale Electronic Markets and Agents and Brokers subsector arrange for the sale of goods owned by others, generally on a fee or commission basis. They act on behalf of the buyers and sellers of goods. This subsector contains agents and brokers as well as business to business electronic markets that facilitate wholesale trade."
40,"Trade, Transportation, and Utilities",Retail Trade (NAICS 44-45),https://www.bls.gov/iag/tgs/iag44-45.htm,"The Retail Trade sector comprises establishments engaged in retailing merchandise, generally without transformation, and rendering services incidental to the sale of merchandise. 
The retailing process is the final step in the distribution of merchandise; retailers are, therefore, organized to sell merchandise in small quantities to the general public. This sector comprises two main types of retailers: store and nonstore retailers. 
1. Store retailers operate fixed point-of-sale locations, located and designed to attract a high volume of walk-in customers. In general, retail stores have extensive displays of merchandise and use mass-media advertising to attract customers. They typically sell merchandise to the general public for personal or household consumption, but some also serve business and institutional clients. In addition to retailing merchandise, some types of store retailers are also engaged in the provision of after-sales services, such as repair and installation.
2. Nonstore retailers, like store retailers, are organized to serve the general public, but their retailing methods differ. The establishments of this subsector reach customers and market merchandise with methods, such as the broadcasting of ""infomercials,"" the broadcasting and publishing of direct-response advertising, the publishing of paper and electronic catalogs, door-to-door solicitation, in-home demonstration, selling from portable stalls (street vendors, except food), and distribution through vending machines."
41,"Trade, Transportation, and Utilities",Motor Vehicle and Parts Dealers (NAICS 441),https://www.bls.gov/iag/tgs/iag441.htm,Industries in the Motor Vehicle and Parts Dealers subsector retail motor vehicles and parts from fixed point-of-sale locations. Establishments in this subsector typically operate from a showroom and/or an open lot where the vehicles are on display. The display of vehicles and the related parts require little by way of display equipment. The personnel generally include both the sales and sales support staff familiar with the requirements for registering and financing a vehicle as well as a staff of parts experts and mechanics trained to provide repair and maintenance services for the vehicles. Specific industries have been included in this subsector to identify the type of vehicle being retailed.
42,"Trade, Transportation, and Utilities",Furniture and Home Furnishings Stores (NAICS 442),https://www.bls.gov/iag/tgs/iag442.htm,Industries in the Furniture and Home Furnishings Stores subsector retail new furniture and home furnishings from fixed point-of-sale locations. Establishments in this subsector usually operate from showrooms and have substantial areas for the presentation of their products. Many offer interior decorating services in addition to the sale of products.
43,"Trade, Transportation, and Utilities",Electronics and Appliance Stores (NAICS 443),https://www.bls.gov/iag/tgs/iag443.htm,Industries in the Electronics and Appliance Stores subsector retail new electronics and appliances from point-of-sale locations. Establishments in this subsector often operate from locations that have special provisions for floor displays requiring special electrical capacity to accommodate the proper demonstration of the products. The staff includes sales personnel knowledgeable in the characteristics and warranties of the line of goods retailed and may also include trained repair persons to handle the maintenance and repair of the electronic equipment and appliances. The classifications within this subsector are made principally on the type of product and knowledge required to operate each type of store.
44,"Trade, Transportation, and Utilities",Building Material and Garden Equipment and Supplies Dealers (NAICS 444),https://www.bls.gov/iag/tgs/iag444.htm,"Industries in the Building Material and Garden Equipment and Supplies Dealers subsector retail new building material and garden equipment and supplies from fixed point-of-sale locations. Establishments in this subsector have display equipment designed to handle lumber and related products and garden equipment and supplies that may be kept either indoors or outdoors under covered areas. The staff is usually knowledgeable in the use of the specific products being retailed in the construction, repair, and maintenance of the home and associated grounds."
45,"Trade, Transportation, and Utilities",Food and Beverage Stores (NAICS 445),https://www.bls.gov/iag/tgs/iag445.htm,"Industries in the Food and Beverage Stores subsector usually retail food and beverages merchandise from fixed point-of-sale locations. Establishments in this subsector have special equipment (e.g., freezers, refrigerated display cases, refrigerators) for displaying food and beverage goods. They have staff trained in the processing of food products to guarantee the proper storage and sanitary conditions required by regulatory authority."
46,"Trade, Transportation, and Utilities",Health and Personal Care Stores (NAICS 446),https://www.bls.gov/iag/tgs/iag446.htm,"Industries in the Health and Personal Care Stores subsector retail health and personal care merchandise from fixed point-of-sale locations. Establishments in this subsector are characterized principally by the products they retail, and some health and personal care stores may have specialized staff trained in dealing with the products. Staff may include pharmacists, opticians, and other professionals engaged in retailing, advising customers, and/or fitting the product sold to the customer's needs."
47,"Trade, Transportation, and Utilities",Gasoline Stations (NAICS 447),https://www.bls.gov/iag/tgs/iag447.htm,"Industries in the Gasoline Stations subsector retail automotive fuels (e.g., gasoline, diesel fuel, gasohol) and automotive oils or retail these products in combination with convenience store items. These establishments have specialized equipment for the storage and dispensing of automotive fuels."
48,"Trade, Transportation, and Utilities",Clothing and Clothing Accessories Stores (NAICS 448),https://www.bls.gov/iag/tgs/iag448.htm,"Industries in the Clothing and Clothing Accessories Stores subsector retail new clothing and clothing accessories merchandise from fixed point-of-sale locations. Establishments in this subsector have similar display equipment and staff that is knowledgeable regarding fashion trends and the proper match of styles, colors, and combinations of clothing and accessories to the characteristics and tastes of the customer."
49,"Trade, Transportation, and Utilities","Sporting Goods, Hobby, Book, and Music Stores (NAICS 451)",https://www.bls.gov/iag/tgs/iag451.htm,"Industries in the Sporting Goods, Hobby, Book, and Music Stores subsector are engaged in retailing and providing expertise on use of sporting equipment or other specific leisure activities, such as needlework and musical instruments. Book stores are also included in this subsector."
50,"Trade, Transportation, and Utilities",General Merchandise Stores (NAICS 452),https://www.bls.gov/iag/tgs/iag452.htm,Industries in the General Merchandise Stores subsector retail new general merchandise from fixed point-of-sale locations. Establishments in this subsector are unique in that they have the equipment and staff capable of retailing a large variety of goods from a single location. This includes a variety of display equipment and staff trained to provide information on many lines of products.
51,"Trade, Transportation, and Utilities",Miscellaneous Store Retailers (NAICS 453),https://www.bls.gov/iag/tgs/iag453.htm,"Industries in the Miscellaneous Store Retailers subsector retail merchandise from fixed point-of-sale locations (except new or used motor vehicles and parts; new furniture and home furnishings; new appliances and electronic products; new building materials and garden equipment and supplies; food and beverages; health and personal care goods; gasoline; new clothing and accessories; and new sporting goods, hobby goods, books, and music). Establishments in this subsector include stores with unique characteristics like florists, used merchandise stores, and pet and pet supply stores as well as other store retailers."
52,"Trade, Transportation, and Utilities",Nonstore Retailers (NAICS 454),https://www.bls.gov/iag/tgs/iag454.htm,"Industries in the Nonstore Retailers subsector retail merchandise using methods, such as the broadcasting of infomercials, the broadcasting and publishing of direct-response advertising, the publishing of paper and electronic catalogs, door-to-door solicitation, in-home demonstration, selling from portable stalls and distribution through vending machines. Establishments in this subsector include mail-order houses, vending machine operators, home delivery sales, door-to-door sales, party plan sales, electronic shopping, and sales through portable stalls (e.g., street vendors, except food). Establishments engaged in the direct sale (i.e., nonstore) of products, such as home heating oil dealers and newspaper delivery service providers are included in this subsector."
53,"Trade, Transportation, and Utilities",Transportation and Warehousing (NAICS 48-49),https://www.bls.gov/iag/tgs/iag48-49.htm,"The Transportation and Warehousing sector includes industries providing transportation of passengers and cargo, warehousing and storage for goods, scenic and sightseeing transportation, and support activities related to modes of transportation. Establishments in these industries use transportation equipment or transportation related facilities as a productive asset. The type of equipment depends on the mode of transportation. The modes of transportation are air, rail, water, road, and pipeline."
54,"Trade, Transportation, and Utilities",Air Transportation (NAICS 481),https://www.bls.gov/iag/tgs/iag481.htm,"Industries in the Air Transportation subsector provide air transportation of passengers and/or cargo using aircraft, such as airplanes and helicopters. The subsector distinguishes scheduled from nonscheduled air transportation. Scheduled air carriers fly regular routes on regular schedules and operate even if flights are only partially loaded. Nonscheduled carriers often operate during nonpeak time slots at busy airports. These establishments have more flexibility with respect to choice of airport, hours of operation, load factors, and similar operational characteristics. Nonscheduled carriers provide chartered air transportation of passengers, cargo, or specialty flying services. Specialty flying services establishments use general-purpose aircraft to provide a variety of specialized flying services."
55,"Trade, Transportation, and Utilities",Rail Transportation (NAICS 482),https://www.bls.gov/iag/tgs/iag482.htm,"Industries in the Rail Transportation subsector provide rail transportation of passengers and/or cargo using railroad rolling stock. The railroads in this subsector primarily either operate on networks, with physical facilities, labor force, and equipment spread over an extensive geographic area, or operate over a short distance on a local rail line."
56,"Trade, Transportation, and Utilities",Water Transportation (NAICS 483),https://www.bls.gov/iag/tgs/iag483.htm,"Industries in the Water Transportation subsector provide water transportation of passengers and cargo using watercraft, such as ships, barges, and boats. 
The subsector is composed of two industry groups: (1) one for deep sea, coastal, and Great Lakes; and (2) one for inland water transportation. This split typically reflects the difference in equipment used."
57,"Trade, Transportation, and Utilities",Truck Transportation (NAICS 484),https://www.bls.gov/iag/tgs/iag484.htm,"Industries in the Truck Transportation subsector provide over-the-road transportation of cargo using motor vehicles, such as trucks and tractor trailers. The subsector is subdivided into general freight trucking and specialized freight trucking. This distinction reflects differences in equipment used, type of load carried, scheduling, terminal, and other networking services. General freight transportation establishments handle a wide variety of general commodities, generally palletized, and transported in a container or van trailer. Specialized freight transportation is the transportation of cargo that, because of size, weight, shape, or other inherent characteristics require specialized equipment for transportation."
58,"Trade, Transportation, and Utilities",Transit and Ground Passenger Transportation (NAICS 485),https://www.bls.gov/iag/tgs/iag485.htm,"Industries in the Transit and Ground Passenger Transportation subsector include a variety of passenger transportation activities, such as urban transit systems; chartered bus, school bus, and interurban bus transportation; and taxis. These activities are distinguished based primarily on such production process factors as vehicle types, routes, and schedules."
59,"Trade, Transportation, and Utilities",Pipeline Transportation (NAICS 486),https://www.bls.gov/iag/tgs/iag486.htm,"Industries in the Pipeline Transportation subsector use transmission pipelines to transport products, such as crude oil, natural gas, refined petroleum products, and slurry. Industries are identified based on the products transported (i.e., pipeline transportation of crude oil, natural gas, refined petroleum products, and other products). 
The Pipeline Transportation of Natural Gas industry includes the storage of natural gas because the storage is usually done by the pipeline establishment and because a pipeline is inherently a network in which all the nodes are interdependent."
60,"Trade, Transportation, and Utilities",Scenic and Sightseeing Transportation (NAICS 487),https://www.bls.gov/iag/tgs/iag487.htm,"Industries in the Scenic and Sightseeing Transportation subsector utilize transportation equipment to provide recreation and entertainment. These activities have a production process distinct from passenger transportation carried out for the purpose of other types of for-hire transportation. This process does not emphasize efficient transportation; in fact, such activities often use obsolete vehicles, such as steam trains, to provide some extra ambience. The activity is local in nature, usually involving a same-day return to the point of departure."
61,"Trade, Transportation, and Utilities",Support Activities for Transportation (NAICS 488),https://www.bls.gov/iag/tgs/iag488.htm,"Industries in the Support Activities for Transportation subsector provide services which support transportation. These services may be provided to transportation carrier establishments or to the general public. This subsector includes a wide array of establishments, including air traffic control services, marine cargo handling, and motor vehicle towing."
62,"Trade, Transportation, and Utilities",Postal Service (NAICS 491),https://www.bls.gov/iag/tgs/iag491.htm,"The Postal Service subsector includes the activities of the National Post Office and its subcontractors operating under a universal service obligation to provide mail services, and using the infrastructure required to fulfill that obligation. These services include delivering letters and small parcels. These articles can be described as those that can be handled by one person without using special equipment. This allows the collection, pick-up, and delivery operations to be done with limited labor costs and minimal equipment. Sorting and transportation activities, where necessary, are generally mechanized. The restriction to small parcels distinguishes these establishments from those in the transportation industries. These establishments may also provide express delivery services using the infrastructure established for provision of basic mail services."
63,"Trade, Transportation, and Utilities",Couriers and Messengers (NAICS 492),https://www.bls.gov/iag/tgs/iag492.htm,"Industries in the Couriers and Messengers subsector provide intercity and/or local delivery of parcels and documents (including express delivery services) without operating under a universal service obligation. These articles can be described as those that may be handled by one person without using special equipment. This allows the collection, pick-up, and delivery operations to be done with limited labor costs and minimal equipment. Sorting and transportation activities, where necessary, are generally mechanized. The restriction to small parcels partly distinguishes these establishments from those in the transportation industries. The complete network of courier services establishments also distinguishes these transportation services from local messenger and delivery establishments in this subsector. This includes the establishments that perform intercity transportation as well as establishments that, under contract to them, perform local pick-up and delivery. Messengers, which usually deliver within a metropolitan or single urban area, may use bicycle, foot, small truck, or van."
64,"Trade, Transportation, and Utilities",Warehousing and Storage (NAICS 493),https://www.bls.gov/iag/tgs/iag493.htm,"Industries in the Warehousing and Storage subsector are primarily engaged in operating warehousing and storage facilities for general merchandise, refrigerated goods, and other warehouse products. These establishments provide facilities to store goods. They do not sell the goods they handle. These establishments take responsibility for storing the goods and keeping them secure. They may also provide a range of services, often referred to as logistics services, related to the distribution of goods. Logistics services can include labeling, breaking bulk, inventory control and management, light assembly, order entry and fulfillment, packaging, pick and pack, price marking and ticketing, and transportation arrangement. However, establishments in this industry group always provide warehousing or storage services in addition to any logistic services. Furthermore, the warehousing or storage of goods must be more than incidental to the performance of services, such as price marking."
65,"Trade, Transportation, and Utilities",Utilities (NAICS 22),https://www.bls.gov/iag/tgs/iag22.htm,"The Utilities sector comprises establishments engaged in the provision of the following utility services: electric power, natural gas, steam supply, water supply, and sewage removal. Within this sector, the specific activities associated with the utility services provided vary by utility: electric power includes generation, transmission, and distribution; natural gas includes distribution; steam supply includes provision and/or distribution; water supply includes treatment and distribution; and sewage removal includes collection, treatment, and disposal of waste through sewer systems and sewage treatment facilities."
66,Information,Information (NAICS 51),https://www.bls.gov/iag/tgs/iag51.htm,"The Information sector comprises establishments engaged in the following processes: (a) producing and distributing information and cultural products, (b) providing the means to transmit or distribute these products as well as data or communications, and (c) processing data. 
The main components of this sector are the publishing industries, including software publishing, and both traditional publishing and publishing exclusively on the Internet; the motion picture and sound recording industries; the broadcasting industries, including traditional broadcasting and those broadcasting exclusively over the Internet; the telecommunications industries; Web search portals, data processing industries, and the information services industries. 
The Information sector groups three types of establishments: (1) those engaged in producing and distributing information and cultural products; (2) those that provide the means to transmit or distribute these products as well as data or communications; and (3) those that process data."
67,Information,Publishing Industries (except Internet) (NAICS 511),https://www.bls.gov/iag/tgs/iag511.htm,"Industries in the Publishing Industries (except Internet) subsector group establishments engaged in the publishing of newspapers, magazines, other periodicals, and books, as well as directory and mailing list and software publishing. In general, these establishments, which are known as publishers, issue copies of works for which they usually possess copyright. Works may be in one or more formats including traditional print form, CD-ROM, or proprietary electronic networks. Publishers may publish works originally created by others for which they have obtained the rights and/or works that they have created in-house. Software publishing is included here because the activity, creation of a copyrighted product and bringing it to market, is equivalent to the creation process for other types of intellectual products."
68,Information,Motion Picture and Sound Recording Industries (NAICS 512),https://www.bls.gov/iag/tgs/iag512.htm,"Industries in the Motion Picture and Sound Recording Industries subsector group establishments involved in the production and distribution of motion pictures and sound recordings. While producers and distributors of motion pictures and sound recordings issue works for sale as traditional publishers do, the processes are sufficiently different to warrant placing establishments engaged in these activities in a separate subsector. Production is typically a complex process that involves several distinct types of establishments that are engaged in activities, such as contracting with performers, creating the film or sound content, and providing technical postproduction services. Film distribution is often to exhibitors, such as theaters and broadcasters, rather than through the wholesale and retail distribution chain. When the product is in a mass-produced form, NAICS treats production and distribution as the major economic activity as it does in the Publishing Industries subsector, rather than as a subsidiary activity to the manufacture of such products."
69,Information,Broadcasting (except Internet) (NAICS 515),https://www.bls.gov/iag/tgs/iag515.htm,"Industries in the Broadcasting (except Internet) subsector include establishments that create content or acquire the right to distribute content and subsequently broadcast the content. The industry groups (Radio and Television Broadcasting and Cable and Other Subscription Programming) are based on differences in the methods of communication and the nature of services provided. The Radio and Television Broadcasting industry group includes establishments that operate broadcasting studios and facilities for over the air or satellite delivery of radio and television programs of entertainment, news, talk, and the like. These establishments are often engaged in the production and purchase of programs and generating revenues from the sale of air time to advertisers and from donations, subsidies, and/or the sale of programs. The Cable and Other Subscription Programming industry group includes establishments operating studios and facilities for the broadcasting of programs that are typically narrowcast in nature (limited format, such as news, sports, education, and youth-oriented programming) on a subscription or fee basis."
70,Information,Internet Publishing and Broadcasting (NAICS 516),https://www.bls.gov/iag/tgs/iag516.htm,
71,Information,Telecommunications (NAICS 517),https://www.bls.gov/iag/tgs/iag517.htm,"Industries in the Telecommunications subsector group establishments that provide telecommunications and the services related to that activity (e.g., telephony, including Voice over Internet Protocol (VoIP); cable and satellite television distribution services; Internet access; telecommunications reselling services). The Telecommunications subsector is primarily engaged in operating, and/or providing access to facilities for the transmission of voice, data, text, sound, and video. Transmission facilities may be based on a single technology or a combination of technologies."
72,Information,"Data Processing, Hosting, and Related Services (NAICS 518)",https://www.bls.gov/iag/tgs/iag518.htm,"Industries in the Data Processing, Hosting, and Related Services subsector group establishments that provide the infrastructure for hosting and/or data processing services."
73,Information,Other Information Services (NAICS 519),https://www.bls.gov/iag/tgs/iag519.htm,"Industries in the Other Information Services subsector group establishments supplying information, storing and providing access to information, searching and retrieving information, operating Web sites that use search engines to allow for searching information on the Internet, or publishing and/or broadcasting content exclusively on the Internet. The main components of the subsector are news syndicates, libraries, archives, exclusive Internet publishing and/or broadcasting, and Web Search Portals."
74,Financial Activities,Finance and Insurance (NAICS 52),https://www.bls.gov/iag/tgs/iag52.htm,"The Finance and Insurance sector comprises establishments primarily engaged in financial transactions (transactions involving the creation, liquidation, or change in ownership of financial assets) and/or in facilitating financial transactions. Three principal types of activities are identified: 
1. Raising funds by taking deposits and/or issuing securities and, in the process, incurring liabilities. Establishments engaged in this activity use raised funds to acquire financial assets by making loans and/or purchasing securities. Putting themselves at risk, they channel funds from lenders to borrowers and transform or repackage the funds with respect to maturity, scale, and risk. This activity is known as financial intermediation. 
2. Pooling of risk by underwriting insurance and annuities. Establishments engaged in this activity collect fees, insurance premiums, or annuity considerations; build up reserves; invest those reserves; and make contractual payments. Fees are based on the expected incidence of the insured risk and the expected return on investment. 
3. Providing specialized services facilitating or supporting financial intermediation, insurance, and employee benefit programs. 
In addition, monetary authorities charged with monetary control are included in this sector."
75,Financial Activities,Monetary Authorities - Central Bank (NAICS 521),https://www.bls.gov/iag/tgs/iag521.htm,"The Monetary Authorities-Central Bank subsector groups establishments that engage in performing central banking functions, such as issuing currency, managing the Nation's money supply and international reserves, holding deposits that represent the reserves of other banks and other central banks, and acting as a fiscal agent for the central government."
76,Financial Activities,Credit Intermediation and Related Activities (NAICS 522),https://www.bls.gov/iag/tgs/iag522.htm,"Industries in the Credit Intermediation and Related Activities subsector group establishments that (1) lend funds raised from depositors; (2) lend funds raised from credit market borrowing; or (3) facilitate the lending of funds or issuance of credit by engaging in such activities as mortgage and loan brokerage, clearinghouse and reserve services, and check cashing services."
77,Financial Activities,"Securities, Commodity Contracts, and Other Financial Investments and Related Activities (NAICS 523)",https://www.bls.gov/iag/tgs/iag523.htm,"Industries in the Securities, Commodity Contracts, and Other Financial Investments and Related Activities subsector group establishments that are primarily engaged in one of the following: (1) underwriting securities issues and/or making markets for securities and commodities; (2) acting as agents (i.e., brokers) between buyers and sellers of securities and commodities; (3) providing securities and commodity exchange services; and (4) providing other services, such as managing portfolios of assets; providing investment advice; and trust, fiduciary, and custody services."
78,Financial Activities,Insurance Carriers and Related Activities (NAICS 524),https://www.bls.gov/iag/tgs/iag524.htm,"Industries in the Insurance Carriers and Related Activities subsector group establishments that are primarily engaged in one of the following: (1) underwriting (assuming the risk, assigning premiums, and so forth) annuities and insurance policies or (2) facilitating such underwriting by selling insurance policies, and by providing other insurance and employee-benefit related services."
79,Financial Activities,"Funds, Trusts, and Other Financial Vehicles (NAICS 525)",https://www.bls.gov/iag/tgs/iag525.htm,"Industries in the Funds, Trusts, and Other Financial Vehicles subsector are comprised of legal entities (i.e., funds, plans, and/or programs) organized to pool securities or other assets on behalf of shareholders or beneficiaries of employee benefit or other trust funds. The portfolios are customized to achieve specific investment characteristics, such as diversification, risk, rate of return, and price volatility. These entities earn interest, dividends, and other investment income, but have little or no employment and no revenue from the sale of services."
80,Financial Activities,Real Estate and Rental and Leasing (NAICS 53),https://www.bls.gov/iag/tgs/iag53.htm,"The Real Estate and Rental and Leasing sector comprises establishments primarily engaged in renting, leasing, or otherwise allowing the use of tangible or intangible assets, and establishments providing related services. The major portion of this sector comprises establishments that rent, lease, or otherwise allow the use of their own assets by others. The assets may be tangible, as is the case of real estate and equipment, or intangible, as is the case with patents and trademarks. 
This sector also includes establishments primarily engaged in managing real estate for others, selling, renting and/or buying real estate for others, and appraising real estate. These activities are closely related to this sector's main activity, and it was felt that from a production basis they would best be included here. In addition, a substantial proportion of property management is self-performed by lessors. 
The main components of this sector are the real estate lessors industries (including equity real estate investment trusts (REITs)); equipment lessors industries (including motor vehicles, computers, and consumer goods); and lessors of nonfinancial intangible assets (except copyrighted works)."
81,Financial Activities,Real Estate (NAICS 531),https://www.bls.gov/iag/tgs/iag531.htm,"Industries in the Real Estate subsector group establishments that are primarily engaged in renting or leasing real estate to others; managing real estate for others; selling, buying, or renting real estate for others; and providing other real estate related services, such as appraisal services. 
This subsector includes equity Real Estate Investment Trusts (REITs) that are primarily engaged in leasing buildings, dwellings, or other real estate property to others."
82,Financial Activities,Rental and Leasing Services (NAICS 532),https://www.bls.gov/iag/tgs/iag532.htm,"Industries in the Rental and Leasing Services subsector include establishments that provide a wide array of tangible goods, such as automobiles, computers, consumer goods, and industrial machinery and equipment, to customers in return for a periodic rental or lease payment. 
The subsector includes two main types of establishments: (1) those that are engaged in renting consumer goods and equipment and (2) those that are engaged in leasing machinery and equipment often used for business operations."
83,Financial Activities,Lessors of Nonfinancial Intangible Assets (except Copyrighted Works) (NAICS 533),https://www.bls.gov/iag/tgs/iag533.htm,"Industries in the Lessors of Nonfinancial Intangible Assets (except Copyrighted Works) subsector include establishments that are primarily engaged in assigning rights to assets, such as patents, trademarks, brand names, and/or franchise agreements for which a royalty payment or licensing fee is paid to the asset holder. Establishments in this subsector own the patents, trademarks, and/or franchise agreements that they allow others to use or reproduce for a fee and may or may not have created those assets."
84,Professional and Business Services,"Professional, Scientific, and Technical Services (NAICS 54)",https://www.bls.gov/iag/tgs/iag54.htm,"The Professional, Scientific, and Technical Services sector comprises establishments that specialize in performing professional, scientific, and technical activities for others. These activities require a high degree of expertise and training. The establishments in this sector specialize according to expertise and provide these services to clients in a variety of industries and, in some cases, to households. Activities performed include: legal advice and representation; accounting, bookkeeping, and payroll services; architectural, engineering, and specialized design services; computer services; consulting services; research services; advertising services; photographic services; translation and interpretation services; veterinary services; and other professional, scientific, and technical services."
85,Professional and Business Services,Management of Companies and Enterprises (NAICS 55),https://www.bls.gov/iag/tgs/iag55.htm,"The Management of Companies and Enterprises sector comprises (1) establishments that hold the securities of (or other equity interests in) companies and enterprises for the purpose of owning a controlling interest or influencing management decisions or (2) establishments (except government establishments) that administer, oversee, and manage establishments of the company or enterprise and that normally undertake the strategic or organizational planning and decision making role of the company or enterprise. Establishments that administer, oversee, and manage may hold the securities of the company or enterprise. 
Establishments in this sector perform essential activities that are often undertaken, in-house, by establishments in many sectors of the economy. By consolidating the performance of these activities of the enterprise at one establishment, economies of scale are achieved."
86,Professional and Business Services,Administrative and Support and Waste Management and Remediation Services (NAICS 56),https://www.bls.gov/iag/tgs/iag56.htm,"The Administrative and Support and Waste Management and Remediation Services sector comprises establishments performing routine support activities for the day-to-day operations of other organizations. These essential activities are often undertaken in-house by establishments in many sectors of the economy. The establishments in this sector specialize in one or more of these support activities and provide these services to clients in a variety of industries and, in some cases, to households. Activities performed include: office administration, hiring and placing of personnel, document preparation and similar clerical services, solicitation, collection, security and surveillance services, cleaning, and waste disposal services."
87,Professional and Business Services,Administrative and Support Services (NAICS 561),https://www.bls.gov/iag/tgs/iag561.htm,"Industries in the Administrative and Support Services subsector group establishments engaged in activities that support the day-to-day operations of other organizations. The processes employed in this sector (e.g., general management, personnel administration, clerical activities, cleaning activities) are often integral parts of the activities of establishments found in all sectors of the economy. The establishments classified in this subsector have specialization in one or more of these activities and can, therefore, provide services to clients in a variety of industries and, in some cases, to households. The individual industries of this subsector are defined on the basis of the particular process that they are engaged in and the particular services they provide."
88,Professional and Business Services,Waste Management and Remediation Services (NAICS 562),https://www.bls.gov/iag/tgs/iag562.htm,"Industries in the Waste Management and Remediation Services subsector group establishments engaged in the collection, treatment, and disposal of waste materials. This includes establishments engaged in local hauling of waste materials; operating materials recovery facilities (i.e., those that sort recyclable materials from the trash stream); providing remediation services (i.e., those that provide for the cleanup of contaminated buildings, mine sites, soil, or ground water); and providing septic pumping and other miscellaneous waste management services. There are three industry groups within the subsector that separate these activities into waste collection, waste treatment and disposal, and remediation and other waste management."
89,Education and Health Services,Educational Services (NAICS 61),https://www.bls.gov/iag/tgs/iag61.htm,"The Educational Services sector comprises establishments that provide instruction and training in a wide variety of subjects. This instruction and training is provided by specialized establishments, such as schools, colleges, universities, and training centers. These establishments may be privately owned and operated for profit or not for profit, or they may be publicly owned and operated. They may also offer food and/or accommodation services to their students. 
Educational services are usually delivered by teachers or instructors that explain, tell, demonstrate, supervise, and direct learning. Instruction is imparted in diverse settings, such as educational institutions, the workplace, or the home, and through diverse means, such as correspondence, television, the Internet, or other electronic and distance-learning methods. The training provided by these establishments may include the use of simulators and simulation methods. It can be adapted to the particular needs of the students, for example sign language can replace verbal language for teaching students with hearing impairments. All industries in the sector share this commonality of process, namely, labor inputs of instructors with the requisite subject matter expertise and teaching ability."
90,Education and Health Services,Health Care and Social Assistance (NAICS 62),https://www.bls.gov/iag/tgs/iag62.htm,"The Health Care and Social Assistance sector comprises establishments providing health care and social assistance for individuals. The sector includes both health care and social assistance because it is sometimes difficult to distinguish between the boundaries of these two activities. The industries in this sector are arranged on a continuum starting with those establishments providing medical care exclusively, continuing with those providing health care and social assistance, and finally finishing with those providing only social assistance. The services provided by establishments in this sector are delivered by trained professionals. All industries in the sector share this commonality of process, namely, labor inputs of health practitioners or social workers with the requisite expertise. Many of the industries in the sector are defined based on the educational degree held by the practitioners included in the industry."
91,Education and Health Services,Ambulatory Health Care Services (NAICS 621),https://www.bls.gov/iag/tgs/iag621.htm,"Industries in the Ambulatory Health Care Services subsector provide health care services directly or indirectly to ambulatory patients and do not usually provide inpatient services. Health practitioners in this subsector provide outpatient services, with the facilities and equipment not usually being the most significant part of the production process."
92,Education and Health Services,Hospitals (NAICS 622),https://www.bls.gov/iag/tgs/iag622.htm,"Industries in the Hospitals subsector provide medical, diagnostic, and treatment services that include physician, nursing, and other health services to inpatients and the specialized accommodation services required by inpatients. Hospitals may also provide outpatient services as a secondary activity. Establishments in the Hospitals subsector provide inpatient health services, many of which can only be provided using the specialized facilities and equipment that form a significant and integral part of the production process."
93,Education and Health Services,Nursing and Residential Care Facilities (NAICS 623),https://www.bls.gov/iag/tgs/iag623.htm,"Industries in the Nursing and Residential Care Facilities subsector provide residential care combined with either nursing, supervisory, or other types of care as required by the residents. In this subsector, the facilities are a significant part of the production process and the care provided is a mix of health and social services with the health services being largely some level of nursing services."
94,Education and Health Services,Social Assistance (NAICS 624),https://www.bls.gov/iag/tgs/iag624.htm,"Industries in the Social Assistance subsector provide a wide variety of social assistance services directly to their clients. These services do not include residential or accommodation services, except on a short stay basis."
95,Leisure and Hospitality,"Arts, Entertainment, and Recreation (NAICS 71)",https://www.bls.gov/iag/tgs/iag71.htm,"The Arts, Entertainment, and Recreation sector includes a wide range of establishments that operate facilities or provide services to meet varied cultural, entertainment, and recreational interests of their patrons. This sector comprises (1) establishments that are involved in producing, promoting, or participating in live performances, events, or exhibits intended for public viewing; (2) establishments that preserve and exhibit objects and sites of historical, cultural, or educational interest; and (3) establishments that operate facilities or provide services that enable patrons to participate in recreational activities or pursue amusement, hobby, and leisure-time interests. 
Some establishments that provide cultural, entertainment, or recreational facilities and services are classified in other sectors."
96,Leisure and Hospitality,"Performing Arts, Spectator Sports, and Related Industries (NAICS 711)",https://www.bls.gov/iag/tgs/iag711.htm,"Industries in the Performing Arts, Spectator Sports, and Related Industries subsector group establishments that produce or organize and promote live presentations involving the performances of actors and actresses, singers, dancers, musical groups and artists, athletes, and other entertainers, including independent (i.e., freelance) entertainers and the establishments that manage their careers. The classification recognizes four basic processes: (1) producing (i.e., presenting) events; (2) organizing, managing, and/or promoting events; (3) managing and representing entertainers; and (4) providing the artistic, creative and technical skills necessary to the production of these live events. Also, this subsector contains four industries for performing arts companies. Each is defined on the basis of the particular skills of the entertainers involved in the presentations."
97,Leisure and Hospitality,"Museums, Historical Sites, and Similar Institutions (NAICS 712)",https://www.bls.gov/iag/tgs/iag712.htm,"Industries in the Museums, Historical Sites, and Similar Institutions subsector engage in the preservation and exhibition of objects, sites, and natural wonders of historical, cultural, and/or educational value."
98,Leisure and Hospitality,"Amusement, Gambling, and Recreation Industries (NAICS 713)",https://www.bls.gov/iag/tgs/iag713.htm,"Industries in the Amusement, Gambling, and Recreation Industries subsector (1) operate facilities where patrons can primarily engage in sports, recreation, amusement, or gambling activities and/or (2) provide other amusement and recreation services, such as supplying and servicing amusement devices in places of business operated by others; operating sports teams, clubs, or leagues engaged in playing games for recreational purposes; and guiding tours without using transportation equipment."
99,Leisure and Hospitality,Accommodation and Food Services (NAICS 72),https://www.bls.gov/iag/tgs/iag72.htm,"The Accommodation and Food Services sector comprises establishments providing customers with lodging and/or preparing meals, snacks, and beverages for immediate consumption. The sector includes both accommodation and food services establishments because the two activities are often combined at the same establishment."
100,Leisure and Hospitality,Accommodation (NAICS 721),https://www.bls.gov/iag/tgs/iag721.htm,"Industries in the Accommodation subsector provide lodging or short-term accommodations for travelers, vacationers, and others. There is a wide range of establishments in these industries. Some provide lodging only; while others provide meals, laundry services, and recreational facilities, as well as lodging. Lodging establishments are classified in this subsector even if the provision of complementary services generates more revenue. The types of complementary services provided vary from establishment to establishment."
101,Leisure and Hospitality,Food Services and Drinking Places (NAICS 722),https://www.bls.gov/iag/tgs/iag722.htm,"Industries in the Food Services and Drinking Places subsector prepare meals, snacks, and beverages to customer order for immediate on-premises and off-premises consumption. There is a wide range of establishments in these industries. Some provide food and drink only; while others provide various combinations of seating space, waiter/waitress services and incidental amenities, such as limited entertainment. The industries in the subsector are grouped based on the type and level of services provided. The industry groups are full-service restaurants; limited-service eating places; special food services, such as food service contractors, caterers, and mobile food services; and drinking places."
102,Other Services (except Public Administration),Other Services (except Public Administration) (NAICS 81),https://www.bls.gov/iag/tgs/iag81.htm,"The Other Services (except Public Administration) sector comprises establishments engaged in providing services not specifically provided for elsewhere in the classification system. Establishments in this sector are primarily engaged in activities, such as equipment and machinery repairing, promoting or administering religious activities, grantmaking, advocacy, and providing drycleaning and laundry services, personal care services, death care services, pet care services, photofinishing services, temporary parking services, and dating services."
103,Other Services (except Public Administration),Repair and Maintenance (NAICS 811),https://www.bls.gov/iag/tgs/iag811.htm,"Industries in the Repair and Maintenance subsector restore machinery, equipment, and other products to working order. These establishments also typically provide general or routine maintenance (i.e., servicing) on such products to ensure they work efficiently and to prevent breakdown and unnecessary repairs."
104,Other Services (except Public Administration),Personal and Laundry Services (NAICS 812),https://www.bls.gov/iag/tgs/iag812.htm,"Industries in the Personal and Laundry Services subsector group establishments that provide personal and laundry services to individuals, households, and businesses. Services performed include: personal care services; death care services; laundry and drycleaning services; and a wide range of other personal services, such as pet care (except veterinary) services, photofinishing services, temporary parking services, and dating services."
105,Other Services (except Public Administration),"Religious, Grantmaking, Civic, Professional, and Similar Organizations (NAICS 813)",https://www.bls.gov/iag/tgs/iag813.htm,"Industries in the Religious, Grantmaking, Civic, Professional, and Similar Organizations subsector group establishments that organize and promote religious activities; support various causes through grantmaking; advocate various social and political causes; and promote and defend the interests of their members."
106,Other Services (except Public Administration),Private Households (NAICS 814),https://www.bls.gov/iag/tgs/iag814.htm,"Industries in the Private Households subsector include private households that engage in employing workers on or about the premises in activities primarily concerned with the operation of the household. These private households may employ individuals, such as cooks, maids, butlers, and outside workers, such as gardeners, caretakers, and other maintenance workers."
